2031JW18P00016,Stand Alone
2031JW18P00043,Stand Alone
2031ZA17C00080,Stand Alone
2032H318C00010,Stand Alone
2032H518C00036,Stand Alone
2032H518C00045,Stand Alone
2032H518C00056,Stand Alone
2032H518C00065,Stand Alone
2032H518C00072,Stand Alone
2032H518C00082,Stand Alone
2032H518C00091,Stand Alone
2032H518C00110,Stand Alone
2032H518D00007,Stand Alone
2032H518D00019,Stand Alone
2032H518D00023,Stand Alone
2032H518P00013,Stand Alone
2032H518P00023,Stand Alone
2032H518P00141,Stand Alone
2032H518P00184,Stand Alone
2032H518P00209,Stand Alone
2032H518P00214,Stand Alone
2032H518P00223,Stand Alone
2032H518P00224,Stand Alone
2032H518P00240,Stand Alone
2032H518P00248,Stand Alone
2032H518P00263,Stand Alone
2032H518P00276,Stand Alone
2032H518P00294,Stand Alone
2032H518P00300,Stand Alone
2032H518P00318,Stand Alone
2032H518P00327,Stand Alone
2032H518P00329,Stand Alone
2032H518P00337,Stand Alone
2032H518P00348,Stand Alone
2032H518P00352,Stand Alone
2032H518P00383,Stand Alone
2032H518P00389,Stand Alone
2032H518P00392,Stand Alone
2032H518P00393,Stand Alone
2032H518P00401,Stand Alone
2032H818C00026,Stand Alone
2032H818C00036,Stand Alone
2032H818P00179,Stand Alone
2032H818P00256,Stand Alone
2032H818P00286,Stand Alone
2032K718C00001,Stand Alone
2033H618A00003,Stand Alone
2033H618A00008,Stand Alone
2033H618C00012,Stand Alone
2033H618C00013,Stand Alone
2033H618C00019,Stand Alone
2033H618D00004,Stand Alone
2033H618P00053,Stand Alone
2033H618P00056,Stand Alone
2033H618P00098,Stand Alone
20340918P00108,Stand Alone
20340918P00138,Stand Alone
20340918P00143,Stand Alone
20340918P00164,Stand Alone
20341418D00001,Stand Alone
2043FY18P00355,Stand Alone
2043FY18P00356,Stand Alone
47QFDA18P0001,Stand Alone
47QTCA18D001C,Stand Alone
47QTCA18D002B,Stand Alone
47QTCK18D0044,Stand Alone
GS00F0003V,GSA Consolidated Schedule
GS00F0007X,GSA Consolidated Schedule
GS00F0012Y,GSA Consolidated Schedule
GS00F0028Y,GSA Consolidated Schedule
GS00F0039N,GSA Consolidated Schedule
GS00F004AA,GSA Consolidated Schedule
GS00F006DA,GSA Consolidated Schedule
GS00F008DA,GSA Consolidated Schedule
GS00F010CA,GSA Consolidated Schedule
GS00F012BA,GSA Consolidated Schedule
GS00F029DA,GSA Consolidated Schedule
GS00F096DA,GSA Consolidated Schedule
GS00F101CA,GSA Consolidated Schedule
GS00F117CA,GSA Consolidated Schedule
GS00F143CA,GSA Consolidated Schedule
GS00F189CA,GSA Consolidated Schedule
GS00F279GA,GSA Consolidated Schedule
GS00Q09BGD0005,GSA ALLIANT
GS00Q09BGD0015,GSA ALLIANT
GS00Q09BGD0018,GSA ALLIANT
GS00Q09BGD0019,GSA ALLIANT
GS00Q09BGD0034,GSA ALLIANT
GS00Q09BGD0039,GSA ALLIANT
GS00Q09BGD0050,GSA ALLIANT
GS00Q09BGD0056,GSA ALLIANT
GS00Q09BGD0060,GSA ALLIANT
GS00Q11AEA0005,GSA Schedule 70
GS00Q14OADS130,GSA OASIS SB
GS00Q14OADU101,GSA OASIS Unrestricted
GS00Q14OADU113,GSA OASIS Unrestricted
GS00Q17GWD2004,GSA STARS II
GS00Q17GWD2062,GSA STARS II
GS00Q17GWD2107,GSA STARS II
GS00Q17GWD2184,GSA STARS II
GS00Q17GWD2262,GSA STARS II
GS00Q17GWD2288,GSA STARS II
GS00Q17GWD2419,GSA STARS II
GS00Q17GWD2457,GSA STARS II
GS00Q17GWD2457S,GSA STARS II
GS03F0154V,All Other GSA Schedules
GS06F0595Z,GSA ALLIANT SB
GS06F0596Z,GSA ALLIANT SB
GS06F0618Z,GSA ALLIANT SB
GS06F0624Z,GSA ALLIANT SB
GS06F0625Z,GSA ALLIANT SB
GS06F0650Z,GSA ALLIANT SB
GS06F0652Z,GSA ALLIANT SB
GS06F0669Z,GSA STARS II
GS06F0671Z,GSA STARS II
GS06F0678Z,GSA STARS II
GS06F0682Z,GSA STARS II
GS06F0684Z,GSA STARS II
GS06F0689Z,GSA STARS II
GS06F0694Z,GSA STARS II
GS06F0699Z,GSA STARS II
GS06F0711Z,GSA STARS II
GS06F0713Z,GSA STARS II
GS06F0721Z,GSA STARS II
GS06F0723Z,GSA STARS II
GS06F0773Z,GSA STARS II
GS06F0779Z,GSA STARS II
GS06F0849Z,GSA STARS II
GS06F0884Z,GSA STARS II
GS06F0885Z,GSA STARS II
GS06F0912Z,GSA STARS II
GS06F0937Z,GSA STARS II
GS06F0955Z,GSA STARS II
GS06F0987Z,GSA STARS II
GS06F1018Z,GSA STARS II
GS06F1022Z,GSA STARS II
GS06F1045Z,GSA STARS II
GS06F1083Z,GSA STARS II
GS06F1100Z,GSA STARS II
GS06F1116Z,GSA STARS II
GS06F1118Z,GSA STARS II
GS06F1139Z,GSA STARS II
GS06F1159Z,GSA STARS II
GS06F1191Z,GSA STARS II
GS06F1193Z,GSA STARS II
GS06F1197Z,GSA STARS II
GS06F1200Z,GSA STARS II
GS06F1202Z,GSA STARS II
GS06F1227Z,GSA STARS II
GS06F1248Z,GSA STARS II
GS10F0035K,GSA PSS
GS10F0059K,GSA PSS
GS10F0062R,GSA PSS
GS10F0083L,GSA PSS
GS10F0090J,GSA PSS
GS10F0118S,GSA PSS
GS10F0151P,GSA PSS
GS10F0157Y,GSA PSS
GS10F0176N,GSA PSS
GS10F0189T,GSA PSS
GS10F0195U,GSA PSS
GS10F0362P,GSA PSS
GS10F0424X,GSA PSS
GS10F0445X,GSA PSS
GS10F0466N,GSA PSS
GS10F0608N,GSA PSS
GS23F0177S,GSA PSS
GS23F8144H,GSA PSS
GS23F8182H,GSA PSS
GS23F9755H,GSA PSS
GS23F9763H,GSA PSS
GS23F9782H,GSA PSS
GS25F0004P,All Other GSA Schedules
GS33F0007U,All Other GSA Schedules
GS35F0020X,GSA Schedule 70
GS35F0052P,GSA Schedule 70
GS35F0073T,GSA Schedule 70
GS35F0111T,GSA Schedule 70
GS35F0119P,GSA Schedule 70
GS35F0131R,GSA Schedule 70
GS35F0135S,GSA Schedule 70
GS35F0136N,GSA Schedule 70
GS35F0138J,GSA Schedule 70
GS35F0149N,GSA Schedule 70
GS35F0154X,GSA Schedule 70
GS35F0161M,GSA Schedule 70
GS35F0165Y,GSA Schedule 70
GS35F017DA,GSA Schedule 70
GS35F0181R,GSA Schedule 70
GS35F0193X,GSA Schedule 70
GS35F0211S,GSA Schedule 70
GS35F0231K,GSA Schedule 70
GS35F0234W,GSA Schedule 70
GS35F0235U,GSA Schedule 70
GS35F0256P,GSA Schedule 70
GS35F0265X,GSA Schedule 70
GS35F0273L,GSA Schedule 70
GS35F0278W,GSA Schedule 70
GS35F0281U,GSA Schedule 70
GS35F0297K,GSA Schedule 70
GS35F0300M,GSA Schedule 70
GS35F0311R,GSA Schedule 70
GS35F0320T,GSA Schedule 70
GS35F0337U,GSA Schedule 70
GS35F0343Y,GSA Schedule 70
GS35F0362J,GSA Schedule 70
GS35F0371N,GSA Schedule 70
GS35F0376N,GSA Schedule 70
GS35F0389V,GSA Schedule 70
GS35F0391P,GSA Schedule 70
GS35F0398R,GSA Schedule 70
GS35F0399T,GSA Schedule 70
GS35F0400X,GSA Schedule 70
GS35F0414R,GSA Schedule 70
GS35F0418V,GSA Schedule 70
GS35F0421K,GSA Schedule 70
GS35F0448R,GSA Schedule 70
GS35F0461N,GSA Schedule 70
GS35F0469K,GSA Schedule 70
GS35F0476X,GSA Schedule 70
GS35F0485W,GSA Schedule 70
GS35F0491L,GSA Schedule 70
GS35F0494T,GSA Schedule 70
GS35F0509S,GSA Schedule 70
GS35F0561Y,GSA Schedule 70
GS35F0564X,GSA Schedule 70
GS35F056GA,GSA Schedule 70
GS35F0577V,GSA Schedule 70
GS35F0588V,GSA Schedule 70
GS35F0598S,GSA Schedule 70
GS35F0612L,GSA Schedule 70
GS35F0617Y,GSA Schedule 70
GS35F0626W,GSA Schedule 70
GS35F0627U,GSA Schedule 70
GS35F065DA,GSA Schedule 70
GS35F0698V,GSA Schedule 70
GS35F069CA,GSA Schedule 70
GS35F0791N,GSA Schedule 70
GS35F0794M,GSA Schedule 70
GS35F0854N,GSA Schedule 70
GS35F0858N,GSA Schedule 70
GS35F0883N,GSA Schedule 70
GS35F110DA,GSA Schedule 70
GS35F122BA,GSA Schedule 70
GS35F144AA,GSA Schedule 70
GS35F166AA,GSA Schedule 70
GS35F200DA,GSA Schedule 70
GS35F200GA,GSA Schedule 70
GS35F215DA,GSA Schedule 70
GS35F237CA,GSA Schedule 70
GS35F264BA,GSA Schedule 70
GS35F266CA,GSA Schedule 70
GS35F267DA,GSA Schedule 70
GS35F285DA,GSA Schedule 70
GS35F351GA,GSA Schedule 70
GS35F386DA,GSA Schedule 70
GS35F393CA,GSA Schedule 70
GS35F4097G,GSA Schedule 70
GS35F4381G,GSA Schedule 70
GS35F4405G,GSA Schedule 70
GS35F4421G,GSA Schedule 70
GS35F4502G,GSA Schedule 70
GS35F4506G,GSA Schedule 70
GS35F4543G,GSA Schedule 70
GS35F457BA,GSA Schedule 70
GS35F457GA,GSA Schedule 70
GS35F4663G,GSA Schedule 70
GS35F4775G,GSA Schedule 70
GS35F4900H,GSA Schedule 70
GS35F4984H,GSA Schedule 70
GS35F5014H,GSA Schedule 70
GS35F5391H,GSA Schedule 70
GS35F579GA,GSA Schedule 70
GS35F5903H,GSA Schedule 70
HHSN316201200002W,CIO-SP3
HHSN316201200026W,CIO-SP3 Unrestricted
HHSN316201200076W,CIO-SP3 SB
HHSN316201200107W,CIO-SP3
HHSN316201200120W,CIO-SP3
HHSN316201200126W,CIO-SP3
HHSN316201200188W,CIO-SP3
HHSN316201300001W,CIO-SP3
HHSN316201500027W,CIO-SP3
NBCHA010033,Stand Alone
T09BPA012,Stand Alone
T10BPA006,Stand Alone
T17BPA002,Stand Alone
T17BPA003,Stand Alone
T17BPA004,Stand Alone
T17BPA005,Stand Alone
T17BPA007,Stand Alone
TCC09HQD0033,Stand Alone
TCC12HQW0002,Stand Alone
TCC13HQC0018,Stand Alone
TCC14HQC0022,Stand Alone
TCC15HQB0001,GSA Schedule 70
TCC15HQB0003,Stand Alone
TCC15HQB0007,Stand Alone
TCC15HQB0014,Stand Alone
TCC15HQB0017,Stand Alone
TCC15HQB0018,Stand Alone
TCC15HQB0020,Stand Alone
TCC15HQC0017,Stand Alone
TCC16HQC0015,Stand Alone
TCC16HQC0017,Stand Alone
TCC16HQC0019,Stand Alone
TCC16HQC0020,Stand Alone
TCC16HQC0021,Stand Alone
TCC16HQP0090,Stand Alone
TCC17HQC0015,Stand Alone
TDCPBPA16002,Stand Alone
TDO14F153,Stand Alone
TDO16F106,Stand Alone
TDOOFR17F0013,Stand Alone
TDOOFR17F0018,Stand Alone
TEPA1635591,Stand Alone
TEPA1734779,Stand Alone
TEPA1736344,Stand Alone
TEPC1768116,Stand Alone
TEPC1768118,Stand Alone
TEPG1701570,Stand Alone
TEPS1502308,Stand Alone
TEPS1502309,Stand Alone
TEPS1502310,Stand Alone
TEPT150006,Stand Alone
TFCEN10D0002,Stand Alone
TFSAARC17D0001,Stand Alone
TFSAARCBPA15005,Stand Alone
TFSACDF14C0004,Stand Alone
TFSACDF15C0003,Stand Alone
TFSACDFBPA15001,Stand Alone
TFSACDFBPA16001,Stand Alone
TFSACDFBPA17001,GSA Schedule 70
TFSACDFBPA17002,Stand Alone
TFSACDFBPA17003,Stand Alone
TFSAFIN15D0002,Stand Alone
TFSAFIN17C0003,Stand Alone
TFSAFIN17C0006,Stand Alone
TFSAFIN17D0003,Stand Alone
TFSAFINBPA14006,Stand Alone
TFSAFINBPA14007,Stand Alone
TFSAFINBPA15001,Stand Alone
TFSAFINBPA16002,GSA Schedule 70
TFSAFINBPA16003,GSA Schedule 70
TFSAFINBPA17001,Stand Alone
TFSAFSA140097,Stand Alone
TFSAFSA14D0006,Stand Alone
TFSAFSA150077,Stand Alone
TFSAFSA150125,Stand Alone
TFSAFSA15C0014,Stand Alone
TFSAFSA15C0018,Stand Alone
TFSAFSA160065,Stand Alone
TFSAFSA16C0004,Stand Alone
TFSAFSA170046,Stand Alone
TFSAFSA17C0011,Stand Alone
TFSAFSABPA15001,Stand Alone
TFSAFSABPA15008,Stand Alone
TFSAFSABPA17005,Stand Alone
TFSAFSABPA17008,GSA Schedule 70
TFSAFSABPA17009,GSA Schedule 70
TFSAFSABPA17010,GSA Schedule 70
TFSAFSABPA17011,GSA Schedule 70
TFSAISS16C0007,Stand Alone
TFSAISS170008,Stand Alone
TFSAISS170020,Stand Alone
TFSAISS17C0002,Stand Alone
TFSAISSBPA17002,Stand Alone
TFSAISSBPA17003,Stand Alone
TFSAOIT15C0023,Stand Alone
TFSAOITBPA14005,Stand Alone
TFSASIGBPA17001,Stand Alone
TFSATGT17C0001,Stand Alone
TFSATTB16D0003,Stand Alone
TFSATTB170022,Stand Alone
TFSATTBBPA16005,Stand Alone
TIRNO00D00012,Stand Alone
TIRNO00D00014,Stand Alone
TIRNO00D00019,Stand Alone
TIRNO03D00003,Stand Alone
TIRNO06D00006,Stand Alone
TIRNO06D00010,Stand Alone
TIRNO06D00013,Stand Alone
TIRNO06D00020,Stand Alone
TIRNO06D00026,Stand Alone
TIRNO06D00028,Stand Alone
TIRNO10S00001,Stand Alone
TIRNO10Z00024,Stand Alone
TIRNO11D00005,TIPSS-4
TIRNO11D00007,TIPSS-4
TIRNO11D00009,TIPSS-4
TIRNO11D00011,TIPSS-4
TIRNO11D00012,TIPSS-4
TIRNO11D00013,TIPSS-4
TIRNO11D00014,TIPSS-4
TIRNO11D00016,TIPSS-4
TIRNO11D00017,TIPSS-4
TIRNO11D00018,TIPSS-4
TIRNO11D00020,TIPSS-4
TIRNO11D00022,TIPSS-4
TIRNO11D00023,TIPSS-4
TIRNO11D00024,TIPSS-4
TIRNO11D00027,TIPSS-4
TIRNO11D00028,TIPSS-4
TIRNO11D00029,TIPSS-4
TIRNO11D00030,TIPSS-4
TIRNO11D00031,TIPSS-4
TIRNO11D00032,TIPSS-4
TIRNO11D00033,TIPSS-4
TIRNO11D00035,TIPSS-4
TIRNO11D00041,Stand Alone
TIRNO11D00043,TIPSS-4 SB Cyber
TIRNO11D00044,TIPSS-4 SB Cyber
TIRNO11D00046,TIPSS-4 SB Cyber
TIRNO11D00047,TIPSS-4 SB Cyber
TIRNO11D00048,TIPSS-4 SB Cyber
TIRNO11D00050,TIPSS-4 SB MBOSS
TIRNO11D00051,TIPSS-4 SB MBOSS
TIRNO11D00053,TIPSS-4 SB Cyber
TIRNO11D00060,TIPSS-4 SB MBOSS
TIRNO11D00061,TIPSS-4 SB MBOSS
TIRNO11D00065,TIPSS-4 SB Cyber
TIRNO11D00068,TIPSS-4 SB MBOSS
TIRNO11D00070,TIPSS-4 SB Cyber
TIRNO11D00076,TIPSS-4 SB Cyber
TIRNO11D00079,TIPSS-4 SB Cyber
TIRNO11N00008,Stand Alone
TIRNO11Z00027,Stand Alone
TIRNO12C00001,Stand Alone
TIRNO12C00023,Stand Alone
TIRNO12C00029,Stand Alone
TIRNO12C00061,Stand Alone
TIRNO12C00062,Stand Alone
TIRNO12D00011,Stand Alone
TIRNO12D00013,Stand Alone
TIRNO12D00014,Stand Alone
TIRNO12Z00021,Stand Alone
TIRNO13C00038,Stand Alone
TIRNO13C00039,Stand Alone
TIRNO13C00041,Stand Alone
TIRNO13C00071,Stand Alone
TIRNO13C00072,Stand Alone
TIRNO13C00077,Stand Alone
TIRNO13C00079,Stand Alone
TIRNO13C00085,Stand Alone
TIRNO13D00001,Stand Alone
TIRNO13D00002,Stand Alone
TIRNO13D00003,Stand Alone
TIRNO13D00005,Stand Alone
TIRNO13D00008,Stand Alone
TIRNO13Z00006,Stand Alone
TIRNO13Z00007,Stand Alone
TIRNO13Z00013,Stand Alone
TIRNO14C00039,Stand Alone
TIRNO14C00042,Stand Alone
TIRNO14E00018,Stand Alone
TIRNO14E00019,Stand Alone
TIRNO14E00024,Stand Alone
TIRNO14S00001,Stand Alone
TIRNO14Z00012,Stand Alone
TIRNO15C00009,Stand Alone
TIRNO15C00028,Stand Alone
TIRNO15C00030,Stand Alone
TIRNO15C00032,Stand Alone
TIRNO15C00036,Stand Alone
TIRNO15C00047,Stand Alone
TIRNO15C00051,Stand Alone
TIRNO15C00052,Stand Alone
TIRNO15C00054,Stand Alone
TIRNO15C00058,Stand Alone
TIRNO15C00063,Stand Alone
TIRNO15C00070,Stand Alone
TIRNO15C00083,Stand Alone
TIRNO15C00089,Stand Alone
TIRNO15C00094,Stand Alone
TIRNO15D00005,Stand Alone
TIRNO15D00008,Stand Alone
TIRNO15D00012,Stand Alone
TIRNO15D00013,Stand Alone
TIRNO15E00001,Stand Alone
TIRNO15E00029,Stand Alone
TIRNO15P00062,Stand Alone
TIRNO15Z00005,Stand Alone
TIRNO15Z00011,Stand Alone
TIRNO15Z00015,Stand Alone
TIRNO15Z00024,Stand Alone
TIRNO15Z00030,Stand Alone
TIRNO15Z00032,Stand Alone
TIRNO15Z00036,Stand Alone
TIRNO16C00005,Stand Alone
TIRNO16C00007,Stand Alone
TIRNO16C00010,Stand Alone
TIRNO16C00024,Stand Alone
TIRNO16C00026,Stand Alone
TIRNO16C00029,Stand Alone
TIRNO16C00036,Stand Alone
TIRNO16C00038,Stand Alone
TIRNO16D00001,Stand Alone
TIRNO16D00007,Stand Alone
TIRNO16E00007,Stand Alone
TIRNO16E00030,Stand Alone
TIRNO16P00092,Stand Alone
TIRNO16P00217,Stand Alone
TIRNO16P00230,Stand Alone
TIRNO16Z00006,GSA Consolidated Schedule
TIRNO16Z00015,Stand Alone
TIRNO17C00021,Stand Alone
TIRNO17C00033,Stand Alone
TIRNO17C00040,Stand Alone
TIRNO17C00047,Stand Alone
TIRNO17C00051,Stand Alone
TIRNO17C00055,Stand Alone
TIRNO17C00056,Stand Alone
TIRNO17C00058,Stand Alone
TIRNO17C00059,Stand Alone
TIRNO17C00064,Stand Alone
TIRNO17C00067,Stand Alone
TIRNO17C00069,Stand Alone
TIRNO17C00074,Stand Alone
TIRNO17D00002,Stand Alone
TIRNO17D00004,Stand Alone
TIRNO17D00010,Stand Alone
TIRNO17E00010,Stand Alone
TIRNO17E00014,Stand Alone
TIRNO17P00010,Stand Alone
TIRNO17P00059,Stand Alone
TIRNO17P00084,Stand Alone
TIRNO17P00116,Stand Alone
TIRNO17P00143,Stand Alone
TIRNO17S00001,Stand Alone
TIRNO17S00002,Stand Alone
TIRNO17S00003,Stand Alone
TIRNO17Z00002,GSA Consolidated Schedule
TIRNO17Z00003,Stand Alone
TIRNO17Z00004,Stand Alone
TIRNO17Z00005,Stand Alone
TIRNO17Z00007,GSA Schedule 70
TIRNO17Z00025,GSA Schedule 70
TIRNO17Z00026,GSA Schedule 70
TIRNO17Z00027,GSA Schedule 70
TIRNO99D00001,Stand Alone
TIRNO99D00005,Stand Alone
TIRSE15P00328,Stand Alone
TIRSE17P00308,Stand Alone
TIRWR12C00020,Stand Alone
TMDN17P0049,Stand Alone
TMHQ13C0043,Stand Alone
TMHQ13C0073,Stand Alone
TMHQ13P0378,Stand Alone
TMHQ14C0008,Stand Alone
TMHQ14C0008A,Stand Alone
TMHQ15C0002,Stand Alone
TMHQ15C0036,Stand Alone
TMHQ15P0319,Stand Alone
TMHQ16C0011,Stand Alone
TMHQ16C0011A,Stand Alone
TMHQ16P0286,Stand Alone
TMHQ17C0022,Stand Alone
TMHQ17P0288,Stand Alone
TOFR12BPA0008,Stand Alone
TOFR17BPA0003,Stand Alone
TOFS10B0004,Stand Alone
TOFS10B0008,Stand Alone
TOFS11D0001,Stand Alone
TOFS11D0007,Stand Alone
TOFS11D0008,Stand Alone
TOFS11D0009,Stand Alone
TOFS12B0005,Stand Alone
TOFS15D0001,Stand Alone
TOFS17B0001,Stand Alone
TOIGOIG14P0008,Stand Alone
TOS11D0005,Stand Alone
TOS11D0006,Stand Alone
TOS11D0010,Stand Alone
TOS11D0011,Stand Alone
TOS11D0012,Stand Alone
TOS12D0002,Stand Alone
TOS17F0008,Stand Alone
TOS17F0014,Stand Alone
TOSFIT12F0001,Stand Alone
TOSOFR14D0007,Stand Alone
TOSOFR15D0001,Stand Alone
TOSOFR16C0001,Stand Alone
TOSOFR16C0001A,Stand Alone
TPDARCBPA120002,Stand Alone
TPDTTB09C0009,Stand Alone
TPDTTB12C0008,Stand Alone
W91QUZ07D0005,Stand Alone
